tier1,tier2,hours_per_day,total_autumn1398,male_autumn1398,female_autumn1398,total_winter1398,male_winter1398,female_winter1398,total_spring1399,male_spring1399,female_spring1399,total_summer1399,male_summer1399,female_summer1399
Employment and related activities,"Employment and related activities (including employment in corporations, government and non-profit institutions, employment in household enterprises to produce goods, employment in households and household enterprises providing services, ancillary activities and breaks related to employment, seeking employment, setting up a business, travelling and commuting for employment, etc.)",2.4625,2.49,5.02,0.43,2.4,4.46,0.36,2.4,4.48,0.35,2.56,5.21,0.37
Production of goods for own final use ,Production of goods for own final use ,0.04,0.04,0.02,0.06,0.03,0.02,0.03,0.04,0.04,0.05,0.05,0.03,0.06
Unpaid domestic services for household and family members ,"Unpaid domestic services for household and family members (including food and meals management and preparation, cleaning and maintaining of own dwelling and surroundings, shopping for own household and family members, gardening (upkeep of flowers and plants) and pet care, etc.)",2.6125,2.41,0.52,4.26,3.03,0.57,5.06,2.5,0.52,4.44,2.51,0.5,4.48
Unpaid caregiving services for household and family members ,Unpaid caregiving services for household and family members ,0.2525,0.33,0.16,0.48,0.23,0.11,0.35,0.22,0.11,0.33,0.23,0.11,0.34
"Unpaid volunteer, trainee and other unpaid work ","Unpaid volunteer, trainee and other unpaid work ",0.02,0.02,0.02,0.03,0.02,0.02,0.02,0.02,0.02,0.02,0.02,0.02,0.02
Learning ,Learning ,0.2275,0.43,0.42,0.44,0.17,0.16,0.18,0.21,0.19,0.22,0.1,0.1,0.1
"Socializing, communication, community participation and religious practice ","Socializing, communication, community participation and religious practice (including talking, participating in community cultural/social events, involvement in civic and related responsibilities, religious practices, travelling time related to socializing and communication, and religious practice, etc.)",1.3575,1.46,1.39,1.54,1.24,1.19,1.3,1.36,1.25,1.47,1.37,1.27,1.47
"Culture, leisure, mass-media and sports practices ","Culture, leisure, mass-media and sports practices (including attending/visiting cultural, entertainment and sports events/venues, mass media use, reading for leisure, watching/listening to television and radio, travelling time related to culture, leisure, mass- media and sports practices , etc.)",4.1875,4.06,4.17,3.56,4.29,4.54,4.05,4.27,4.47,4.08,4.13,4.24,4.03
Self-care and maintenance ,"Self-care and maintenance (including sleeping, eating and drinking, personal hygiene and health/medical cares, travelling related to self-care and maintenance activities, etc.)",11.3375,11.15,11.08,11.22,11.4,11.34,11.45,11.38,11.32,11.45,11.42,11.31,11.52