tier1,tier2,hours_per_day
Personal care,Sleep,8.533333333
Personal care,Eating,1.466666667
Personal care,Other and/or unspecified personal care,0.9
"Employment, related activities and travel as part of/during main and second job",Main and second job and related travel,4.05
"Employment, related activities and travel as part of/during main and second job",Activities related to employment and unspecified employment,0.033333333
Study,School and university except homework,0.1
Study,Homework,0.05
Study,Free time study,0.016666667
Household and family care,Food management except dish washing,0.866666667
Household and family care,Dish washing,0.233333333
Household and family care,Cleaning dwelling,0.416666667
Household and family care,Household upkeep except cleaning dwelling,0.4
Household and family care,Laundry,0.116666667
Household and family care,Ironing,0.033333333
Household and family care,Handicraft and producing textiles and other care for textiles,0.1
Household and family care,Gardening; other pet care,0.216666667
Household and family care,Tending domestic animals,0.233333333
Household and family care,Caring for pets,0.016666667
Household and family care,Walking the dog,0.033333333
Household and family care,Construction and repairs,0.15
Household and family care,Shopping and services,0.283333333
Household and family care,"Childcare, except teaching, reading and talking",0.166666667
Household and family care,"Teaching, reading and talking with child",0.116666667
Household and family care,Household management and help family member,0.016666667
"Leisure, social and associative life",Organisational work,0
"Leisure, social and associative life",Informal help to other households,0.216666667
"Leisure, social and associative life",Participatory activities,0.066666667
"Leisure, social and associative life",Visiting and feasts,0.366666667
"Leisure, social and associative life",Other social life,0.183333333
"Leisure, social and associative life",Entertainment and culture,0.016666667
"Leisure, social and associative life",Resting,0.233333333
"Leisure, social and associative life",Walking and hiking,0.133333333
"Leisure, social and associative life",Sports and outdoor activities except walking and hiking,0.133333333
"Leisure, social and associative life",Computer games,0.033333333
"Leisure, social and associative life",Computing,0.05
"Leisure, social and associative life",Hobbies and games except computing and computer games,0.05
"Leisure, social and associative life",Reading books,0.133333333
"Leisure, social and associative life","Reading, except books",0.25
"Leisure, social and associative life",TV and video,2.266666667
"Leisure, social and associative life",Radio and music,0.1
"Leisure, social and associative life",Unspecified leisure,0
Travel except travel related to jobs,Travel to/from work,0.383333333
Travel except travel related to jobs,Travel related to study,0.033333333
Travel except travel related to jobs,Travel related to shopping and services,0.266666667
Travel except travel related to jobs,Transporting a child,0.016666667
Travel except travel related to jobs,Travel related to other household purposes,0.066666667
Travel except travel related to jobs,"Travel related to leisure, social and associative life",0.35
Travel except travel related to jobs,Unspecified travel,0.033333333
Unspecified time use,Unspecified time use,0.05