tier1,tier2,hours_per_day,female,male
Paid employment,Employment in the organization,2.564,2.238,2.911
Paid employment,Primary household production (including agriculture),1.691,1.189,2.225
Paid employment,Primary household production and trade,0.299,0.325,0.272
Paid employment,Going to work,0.566,0.492,0.645
Paid employment,Other/unknown,0.297,0.156,0.448
Unpaid employment,"Caring for children, the elderly, and serving guests",2.333,3.4,1.2
Unpaid employment,Housework,0.658,0.9,0.4
Self-development and personal activities,Self-development and personal activities,15.591,15.3,15.9