tier1,tier2,hours_per_day,growth_collection,processing,preparation,material,energy,things,buildings,infrastructure,inhabited,waste,sleep,hygiene_grooming,childcare,adultcare,moving_things,moving_people,organization,education_research,meals,active_rec,religious,social,interactive,passive,work_employment,work_other,unknown
Personal care,Sleeping,8.52,nan;nan,nan;nan,nan;nan,nan;nan,nan;nan,nan;nan,nan;nan,nan;nan,nan;nan,nan;nan,1.0;0.0,nan;nan,nan;nan,nan;nan,nan;nan,nan;nan,nan;nan,nan;nan,nan;nan,nan;nan,nan;nan,nan;nan,nan;nan,nan;nan,nan;nan,nan;nan,nan;nan
Personal care,Sleeplessness,0.02,nan;nan,nan;nan,nan;nan,nan;nan,nan;nan,nan;nan,nan;nan,nan;nan,nan;nan,nan;nan,1.0;0.0,nan;nan,nan;nan,nan;nan,nan;nan,nan;nan,nan;nan,nan;nan,nan;nan,nan;nan,nan;nan,nan;nan,nan;nan,nan;nan,nan;nan,nan;nan,nan;nan
Personal care,Personal hygiene,0.82,nan;nan,nan;nan,nan;nan,nan;nan,nan;nan,nan;nan,nan;nan,nan;nan,nan;nan,nan;nan,nan;nan,1.0;0.0,nan;nan,nan;nan,nan;nan,nan;nan,nan;nan,nan;nan,nan;nan,nan;nan,nan;nan,nan;nan,nan;nan,nan;nan,nan;nan,nan;nan,nan;nan
Personal care,Health care,0.1,nan;nan,nan;nan,nan;nan,nan;nan,nan;nan,nan;nan,nan;nan,nan;nan,nan;nan,nan;nan,nan;nan,nan;nan,nan;nan,1.0;0.0,nan;nan,nan;nan,nan;nan,nan;nan,nan;nan,nan;nan,nan;nan,nan;nan,nan;nan,nan;nan,nan;nan,nan;nan,nan;nan
Personal care,Eating and drinking,1.48,nan;nan,nan;nan,nan;nan,nan;nan,nan;nan,nan;nan,nan;nan,nan;nan,nan;nan,nan;nan,nan;nan,nan;nan,nan;nan,nan;nan,nan;nan,nan;nan,nan;nan,nan;nan,1.0;0.0,nan;nan,nan;nan,nan;nan,nan;nan,nan;nan,nan;nan,nan;nan,nan;nan
Personal care,Associated travel,0,nan;nan,nan;nan,nan;nan,nan;nan,nan;nan,nan;nan,nan;nan,nan;nan,nan;nan,nan;nan,nan;nan,nan;nan,nan;nan,nan;nan,nan;nan,1.0;0.0,nan;nan,nan;nan,nan;nan,nan;nan,nan;nan,nan;nan,nan;nan,nan;nan,nan;nan,nan;nan,nan;nan
Personal care,Other,0.02,nan;nan,nan;nan,nan;nan,nan;nan,nan;nan,nan;nan,nan;nan,nan;nan,nan;nan,nan;nan,nan;nan,0.5;0.25,nan;nan,0.5;0.25,nan;nan,nan;nan,nan;nan,nan;nan,nan;nan,nan;nan,nan;nan,nan;nan,nan;nan,nan;nan,nan;nan,nan;nan,nan;nan
Employment related,Main job,2.98,nan;nan,nan;nan,nan;nan,nan;nan,nan;nan,nan;nan,nan;nan,nan;nan,nan;nan,nan;nan,nan;nan,nan;nan,nan;nan,nan;nan,nan;nan,nan;nan,nan;nan,nan;nan,nan;nan,nan;nan,nan;nan,nan;nan,nan;nan,nan;nan,1.0;0.0,nan;nan,nan;nan
Employment related,Other job,0.02,nan;nan,nan;nan,nan;nan,nan;nan,nan;nan,nan;nan,nan;nan,nan;nan,nan;nan,nan;nan,nan;nan,nan;nan,nan;nan,nan;nan,nan;nan,nan;nan,nan;nan,nan;nan,nan;nan,nan;nan,nan;nan,nan;nan,nan;nan,nan;nan,1.0;0.0,nan;nan,nan;nan
Employment related,Unpaid work in family business or farm,0.02,0.5;0.25,nan;nan,nan;nan,nan;nan,nan;nan,nan;nan,nan;nan,nan;nan,nan;nan,nan;nan,nan;nan,nan;nan,nan;nan,nan;nan,nan;nan,nan;nan,0.5;0.25,nan;nan,nan;nan,nan;nan,nan;nan,nan;nan,nan;nan,nan;nan,nan;nan,nan;nan,nan;nan
Employment related,Work breaks,0.02,nan;nan,nan;nan,nan;nan,nan;nan,nan;nan,nan;nan,nan;nan,nan;nan,nan;nan,nan;nan,nan;nan,nan;nan,nan;nan,nan;nan,nan;nan,nan;nan,nan;nan,nan;nan,nan;nan,nan;nan,nan;nan,nan;nan,nan;nan,nan;nan,1.0;0.0,nan;nan,nan;nan
Employment related,Job Search,0.02,nan;nan,nan;nan,nan;nan,nan;nan,nan;nan,nan;nan,nan;nan,nan;nan,nan;nan,nan;nan,nan;nan,nan;nan,nan;nan,nan;nan,nan;nan,nan;nan,1.0;0.0,nan;nan,nan;nan,nan;nan,nan;nan,nan;nan,nan;nan,nan;nan,nan;nan,nan;nan,nan;nan
Employment related,Associated travel,0.35,nan;nan,nan;nan,nan;nan,nan;nan,nan;nan,nan;nan,nan;nan,nan;nan,nan;nan,nan;nan,nan;nan,nan;nan,nan;nan,nan;nan,nan;nan,1.0;0.0,nan;nan,nan;nan,nan;nan,nan;nan,nan;nan,nan;nan,nan;nan,nan;nan,nan;nan,nan;nan,nan;nan
Employment related,Other,0.03,nan;nan,nan;nan,nan;nan,nan;nan,nan;nan,nan;nan,nan;nan,nan;nan,nan;nan,nan;nan,nan;nan,nan;nan,nan;nan,nan;nan,nan;nan,nan;nan,nan;nan,nan;nan,nan;nan,nan;nan,nan;nan,nan;nan,nan;nan,nan;nan,nan;nan,nan;nan,1.0;0.0
Education,Attendance at educational courses (excluding job related training),0.23,nan;nan,nan;nan,nan;nan,nan;nan,nan;nan,nan;nan,nan;nan,nan;nan,nan;nan,nan;nan,nan;nan,nan;nan,nan;nan,nan;nan,nan;nan,nan;nan,nan;nan,1.0;0.0,nan;nan,nan;nan,nan;nan,nan;nan,nan;nan,nan;nan,nan;nan,nan;nan,nan;nan
Education,Job related training,0.02,nan;nan,nan;nan,nan;nan,nan;nan,nan;nan,nan;nan,nan;nan,nan;nan,nan;nan,nan;nan,nan;nan,nan;nan,nan;nan,nan;nan,nan;nan,nan;nan,nan;nan,1.0;0.0,nan;nan,nan;nan,nan;nan,nan;nan,nan;nan,nan;nan,nan;nan,nan;nan,nan;nan
Education,Homework/study/research,0.18,nan;nan,nan;nan,nan;nan,nan;nan,nan;nan,nan;nan,nan;nan,nan;nan,nan;nan,nan;nan,nan;nan,nan;nan,nan;nan,nan;nan,nan;nan,nan;nan,nan;nan,1.0;0.0,nan;nan,nan;nan,nan;nan,nan;nan,nan;nan,nan;nan,nan;nan,nan;nan,nan;nan
Education,Breaks at place of education,0,nan;nan,nan;nan,nan;nan,nan;nan,nan;nan,nan;nan,nan;nan,nan;nan,nan;nan,nan;nan,nan;nan,nan;nan,nan;nan,nan;nan,nan;nan,nan;nan,nan;nan,1.0;0.0,nan;nan,nan;nan,nan;nan,nan;nan,nan;nan,nan;nan,nan;nan,nan;nan,nan;nan
Education,Associated travel,0.07,nan;nan,nan;nan,nan;nan,nan;nan,nan;nan,nan;nan,nan;nan,nan;nan,nan;nan,nan;nan,nan;nan,nan;nan,nan;nan,nan;nan,nan;nan,1.0;0.0,nan;nan,nan;nan,nan;nan,nan;nan,nan;nan,nan;nan,nan;nan,nan;nan,nan;nan,nan;nan,nan;nan
Education,Other,0.02,nan;nan,nan;nan,nan;nan,nan;nan,nan;nan,nan;nan,nan;nan,nan;nan,nan;nan,nan;nan,nan;nan,nan;nan,nan;nan,nan;nan,nan;nan,nan;nan,nan;nan,1.0;0.0,nan;nan,nan;nan,nan;nan,nan;nan,nan;nan,nan;nan,nan;nan,nan;nan,nan;nan
Domestic activities,Food and drink preparation/cleanup,0.82,nan;nan,nan;nan,1.0;0.0,nan;nan,nan;nan,nan;nan,nan;nan,nan;nan,nan;nan,nan;nan,nan;nan,nan;nan,nan;nan,nan;nan,nan;nan,nan;nan,nan;nan,nan;nan,nan;nan,nan;nan,nan;nan,nan;nan,nan;nan,nan;nan,nan;nan,nan;nan,nan;nan
Domestic activities,Laundry and clothes care,0.28,nan;nan,nan;nan,nan;nan,nan;nan,nan;nan,nan;nan,nan;nan,nan;nan,1.0;0.0,nan;nan,nan;nan,nan;nan,nan;nan,nan;nan,nan;nan,nan;nan,nan;nan,nan;nan,nan;nan,nan;nan,nan;nan,nan;nan,nan;nan,nan;nan,nan;nan,nan;nan,nan;nan
Domestic activities,Other housework,0.37,nan;nan,nan;nan,nan;nan,nan;nan,nan;nan,nan;nan,nan;nan,nan;nan,1.0;0.0,nan;nan,nan;nan,nan;nan,nan;nan,nan;nan,nan;nan,nan;nan,nan;nan,nan;nan,nan;nan,nan;nan,nan;nan,nan;nan,nan;nan,nan;nan,nan;nan,nan;nan,nan;nan
Domestic activities,Grounds and animal care,0.37,nan;nan,nan;nan,nan;nan,nan;nan,nan;nan,nan;nan,nan;nan,nan;nan,1.0;0.0,nan;nan,nan;nan,nan;nan,nan;nan,nan;nan,nan;nan,nan;nan,nan;nan,nan;nan,nan;nan,nan;nan,nan;nan,nan;nan,nan;nan,nan;nan,nan;nan,nan;nan,nan;nan
Domestic activities,Home maintenance,0.15,nan;nan,nan;nan,nan;nan,nan;nan,nan;nan,nan;nan,1.0;0.0,nan;nan,nan;nan,nan;nan,nan;nan,nan;nan,nan;nan,nan;nan,nan;nan,nan;nan,nan;nan,nan;nan,nan;nan,nan;nan,nan;nan,nan;nan,nan;nan,nan;nan,nan;nan,nan;nan,nan;nan
Domestic activities,Household management,0.15,nan;nan,nan;nan,nan;nan,nan;nan,nan;nan,nan;nan,nan;nan,nan;nan,nan;nan,nan;nan,nan;nan,nan;nan,nan;nan,nan;nan,nan;nan,nan;nan,1.0;0.0,nan;nan,nan;nan,nan;nan,nan;nan,nan;nan,nan;nan,nan;nan,nan;nan,nan;nan,nan;nan
Domestic activities,Associated travel,0.07,nan;nan,nan;nan,nan;nan,nan;nan,nan;nan,nan;nan,nan;nan,nan;nan,nan;nan,nan;nan,nan;nan,nan;nan,nan;nan,nan;nan,0.8;0.1,0.2;0.1,nan;nan,nan;nan,nan;nan,nan;nan,nan;nan,nan;nan,nan;nan,nan;nan,nan;nan,nan;nan,nan;nan
Domestic activities,Other,0.07,0.2;0.1,nan;nan,nan;nan,nan;nan,nan;nan,0.2;0.1,nan;nan,nan;nan,0.4;0.1,nan;nan,nan;nan,nan;nan,nan;nan,nan;nan,nan;nan,nan;nan,0.2;0.1,nan;nan,nan;nan,nan;nan,nan;nan,nan;nan,nan;nan,nan;nan,nan;nan,nan;nan,nan;nan
Child care,Care of children,0.25,nan;nan,nan;nan,nan;nan,nan;nan,nan;nan,nan;nan,nan;nan,nan;nan,nan;nan,nan;nan,nan;nan,nan;nan,1.0;0.0,nan;nan,nan;nan,nan;nan,nan;nan,nan;nan,nan;nan,nan;nan,nan;nan,nan;nan,nan;nan,nan;nan,nan;nan,nan;nan,nan;nan
Child care,"Teaching, helping, reprimanding children",0.02,nan;nan,nan;nan,nan;nan,nan;nan,nan;nan,nan;nan,nan;nan,nan;nan,nan;nan,nan;nan,nan;nan,nan;nan,0.2;0.1,nan;nan,nan;nan,nan;nan,nan;nan,0.8;0.1,nan;nan,nan;nan,nan;nan,nan;nan,nan;nan,nan;nan,nan;nan,nan;nan,nan;nan
Child care,"Playing, reading, talking with child",0.2,nan;nan,nan;nan,nan;nan,nan;nan,nan;nan,nan;nan,nan;nan,nan;nan,nan;nan,nan;nan,nan;nan,nan;nan,nan;nan,nan;nan,nan;nan,nan;nan,nan;nan,nan;nan,nan;nan,nan;nan,nan;nan,nan;nan,1.0;0.0,nan;nan,nan;nan,nan;nan,nan;nan
Child care,Minding child,0.05,nan;nan,nan;nan,nan;nan,nan;nan,nan;nan,nan;nan,nan;nan,nan;nan,nan;nan,nan;nan,nan;nan,nan;nan,1.0;0.0,nan;nan,nan;nan,nan;nan,nan;nan,nan;nan,nan;nan,nan;nan,nan;nan,nan;nan,nan;nan,nan;nan,nan;nan,nan;nan,nan;nan
Child care,Visiting child care establishment/school,0,nan;nan,nan;nan,nan;nan,nan;nan,nan;nan,nan;nan,nan;nan,nan;nan,nan;nan,nan;nan,nan;nan,nan;nan,nan;nan,nan;nan,nan;nan,nan;nan,1.0;0.0,nan;nan,nan;nan,nan;nan,nan;nan,nan;nan,nan;nan,nan;nan,nan;nan,nan;nan,nan;nan
Child care,Associated travel,0.1,nan;nan,nan;nan,nan;nan,nan;nan,nan;nan,nan;nan,nan;nan,nan;nan,nan;nan,nan;nan,nan;nan,nan;nan,nan;nan,nan;nan,nan;nan,1.0;0.0,nan;nan,nan;nan,nan;nan,nan;nan,nan;nan,nan;nan,nan;nan,nan;nan,nan;nan,nan;nan,nan;nan
Child care,Other,0.05,nan;nan,nan;nan,nan;nan,nan;nan,nan;nan,nan;nan,nan;nan,nan;nan,nan;nan,nan;nan,nan;nan,nan;nan,1.0;0.0,nan;nan,nan;nan,nan;nan,nan;nan,nan;nan,nan;nan,nan;nan,nan;nan,nan;nan,nan;nan,nan;nan,nan;nan,nan;nan,nan;nan
Purchasing goods and services,Purchasing goods,0.38,nan;nan,nan;nan,nan;nan,nan;nan,nan;nan,nan;nan,nan;nan,nan;nan,nan;nan,nan;nan,nan;nan,nan;nan,nan;nan,nan;nan,nan;nan,nan;nan,1.0;0.0,nan;nan,nan;nan,nan;nan,nan;nan,nan;nan,nan;nan,nan;nan,nan;nan,nan;nan,nan;nan
Purchasing goods and services,Purchasing services,0.08,nan;nan,nan;nan,nan;nan,nan;nan,nan;nan,nan;nan,nan;nan,nan;nan,nan;nan,nan;nan,nan;nan,nan;nan,nan;nan,nan;nan,nan;nan,nan;nan,1.0;0.0,nan;nan,nan;nan,nan;nan,nan;nan,nan;nan,nan;nan,nan;nan,nan;nan,nan;nan,nan;nan
Purchasing goods and services,Associated travel,0.32,nan;nan,nan;nan,nan;nan,nan;nan,nan;nan,nan;nan,nan;nan,nan;nan,nan;nan,nan;nan,nan;nan,nan;nan,nan;nan,nan;nan,0.5;0.1,0.5;0.1,nan;nan,nan;nan,nan;nan,nan;nan,nan;nan,nan;nan,nan;nan,nan;nan,nan;nan,nan;nan,nan;nan
Purchasing goods and services,Other,0.02,nan;nan,nan;nan,nan;nan,nan;nan,nan;nan,nan;nan,nan;nan,nan;nan,nan;nan,nan;nan,nan;nan,nan;nan,nan;nan,nan;nan,nan;nan,nan;nan,1.0;0.0,nan;nan,nan;nan,nan;nan,nan;nan,nan;nan,nan;nan,nan;nan,nan;nan,nan;nan,nan;nan
Voluntary work and care,Support for adults,0.15,nan;nan,nan;nan,nan;nan,nan;nan,nan;nan,nan;nan,nan;nan,nan;nan,nan;nan,nan;nan,nan;nan,nan;nan,nan;nan,1.0;0.0,nan;nan,nan;nan,nan;nan,nan;nan,nan;nan,nan;nan,nan;nan,nan;nan,nan;nan,nan;nan,nan;nan,nan;nan,nan;nan
Voluntary work and care,Unpaid voluntary work,0.07,nan;nan,nan;nan,nan;nan,nan;nan,nan;nan,nan;nan,nan;nan,nan;nan,nan;nan,nan;nan,nan;nan,nan;nan,0.12;0.06,0.02;0.01,nan;nan,nan;nan,0.02;0.01,0.22;0.11,nan;nan,0.39;0.195,0.23;0.115,nan;nan,nan;nan,nan;nan,nan;nan,nan;nan,nan;nan
Voluntary work and care,Associated travel,0.05,nan;nan,nan;nan,nan;nan,nan;nan,nan;nan,nan;nan,nan;nan,nan;nan,nan;nan,nan;nan,nan;nan,nan;nan,nan;nan,nan;nan,nan;nan,1.0;0.0,nan;nan,nan;nan,nan;nan,nan;nan,nan;nan,nan;nan,nan;nan,nan;nan,nan;nan,nan;nan,nan;nan
Voluntary work and care,Other,0.05,nan;nan,nan;nan,nan;nan,nan;nan,nan;nan,nan;nan,nan;nan,nan;nan,nan;nan,nan;nan,nan;nan,nan;nan,0.12;0.06,0.02;0.01,nan;nan,nan;nan,0.02;0.01,0.22;0.11,nan;nan,0.39;0.195,0.23;0.115,nan;nan,nan;nan,nan;nan,nan;nan,nan;nan,nan;nan
Social and community interaction,Socialising,0.17,nan;nan,nan;nan,nan;nan,nan;nan,nan;nan,nan;nan,nan;nan,nan;nan,nan;nan,nan;nan,nan;nan,nan;nan,nan;nan,nan;nan,nan;nan,nan;nan,nan;nan,nan;nan,nan;nan,nan;nan,nan;nan,1.0;0.0,nan;nan,nan;nan,nan;nan,nan;nan,nan;nan
Social and community interaction,Visiting entertainment and cultural venues,0.07,nan;nan,nan;nan,nan;nan,nan;nan,nan;nan,nan;nan,nan;nan,nan;nan,nan;nan,nan;nan,nan;nan,nan;nan,nan;nan,nan;nan,nan;nan,nan;nan,nan;nan,nan;nan,nan;nan,nan;nan,nan;nan,1.0;0.0,nan;nan,nan;nan,nan;nan,nan;nan,nan;nan
Social and community interaction,Attendance at sports events,0.03,nan;nan,nan;nan,nan;nan,nan;nan,nan;nan,nan;nan,nan;nan,nan;nan,nan;nan,nan;nan,nan;nan,nan;nan,nan;nan,nan;nan,nan;nan,nan;nan,nan;nan,nan;nan,nan;nan,nan;nan,nan;nan,nan;nan,1.0;0.0,nan;nan,nan;nan,nan;nan,nan;nan
Social and community interaction,Religious activities/ritual ceremonies,0.07,nan;nan,nan;nan,nan;nan,nan;nan,nan;nan,nan;nan,nan;nan,nan;nan,nan;nan,nan;nan,nan;nan,nan;nan,nan;nan,nan;nan,nan;nan,nan;nan,nan;nan,nan;nan,nan;nan,nan;nan,1.0;0.0,nan;nan,nan;nan,nan;nan,nan;nan,nan;nan,nan;nan
Social and community interaction,Community participation,0.15,nan;nan,nan;nan,nan;nan,nan;nan,nan;nan,nan;nan,nan;nan,nan;nan,nan;nan,nan;nan,nan;nan,nan;nan,nan;nan,nan;nan,nan;nan,nan;nan,nan;nan,nan;nan,nan;nan,nan;nan,nan;nan,1.0;0.0,nan;nan,nan;nan,nan;nan,nan;nan,nan;nan
Social and community interaction,Negative social activities,0,nan;nan,nan;nan,nan;nan,nan;nan,nan;nan,nan;nan,nan;nan,nan;nan,nan;nan,nan;nan,nan;nan,nan;nan,nan;nan,nan;nan,nan;nan,nan;nan,nan;nan,nan;nan,nan;nan,nan;nan,nan;nan,1.0;0.0,nan;nan,nan;nan,nan;nan,nan;nan,nan;nan
Social and community interaction,Associated travel,0.2,nan;nan,nan;nan,nan;nan,nan;nan,nan;nan,nan;nan,nan;nan,nan;nan,nan;nan,nan;nan,nan;nan,nan;nan,nan;nan,nan;nan,nan;nan,1.0;0.0,nan;nan,nan;nan,nan;nan,nan;nan,nan;nan,nan;nan,nan;nan,nan;nan,nan;nan,nan;nan,nan;nan
Social and community interaction,Other,0.03,nan;nan,nan;nan,nan;nan,nan;nan,nan;nan,nan;nan,nan;nan,nan;nan,nan;nan,nan;nan,nan;nan,nan;nan,nan;nan,nan;nan,nan;nan,nan;nan,nan;nan,nan;nan,nan;nan,nan;nan,nan;nan,1.0;0.0,nan;nan,nan;nan,nan;nan,nan;nan,nan;nan
Recreation and leisure,Sport and outdoor activity,0.32,nan;nan,nan;nan,nan;nan,nan;nan,nan;nan,nan;nan,nan;nan,nan;nan,nan;nan,nan;nan,nan;nan,nan;nan,nan;nan,nan;nan,nan;nan,nan;nan,nan;nan,nan;nan,nan;nan,1.0;0.0,nan;nan,nan;nan,nan;nan,nan;nan,nan;nan,nan;nan,nan;nan
Recreation and leisure,"Games, hobbies, arts, crafts",0.17,nan;nan,nan;nan,nan;nan,nan;nan,nan;nan,nan;nan,nan;nan,nan;nan,nan;nan,nan;nan,nan;nan,nan;nan,nan;nan,nan;nan,nan;nan,nan;nan,nan;nan,nan;nan,nan;nan,nan;nan,nan;nan,nan;nan,1.0;0.0,nan;nan,nan;nan,nan;nan,nan;nan
Recreation and leisure,Reading,0.38,nan;nan,nan;nan,nan;nan,nan;nan,nan;nan,nan;nan,nan;nan,nan;nan,nan;nan,nan;nan,nan;nan,nan;nan,nan;nan,nan;nan,nan;nan,nan;nan,nan;nan,nan;nan,nan;nan,nan;nan,nan;nan,nan;nan,nan;nan,1.0;0.0,nan;nan,nan;nan,nan;nan
Recreation and leisure,Audio/visual media,2.33,nan;nan,nan;nan,nan;nan,nan;nan,nan;nan,nan;nan,nan;nan,nan;nan,nan;nan,nan;nan,nan;nan,nan;nan,nan;nan,nan;nan,nan;nan,nan;nan,nan;nan,nan;nan,nan;nan,nan;nan,nan;nan,nan;nan,nan;nan,1.0;0.0,nan;nan,nan;nan,nan;nan
Recreation and leisure,Attendance at recreational courses,0.02,nan;nan,nan;nan,nan;nan,nan;nan,nan;nan,nan;nan,nan;nan,nan;nan,nan;nan,nan;nan,nan;nan,nan;nan,nan;nan,nan;nan,nan;nan,nan;nan,nan;nan,1.0;0.0,nan;nan,nan;nan,nan;nan,nan;nan,nan;nan,nan;nan,nan;nan,nan;nan,nan;nan
Recreation and leisure,Other free time,0.32,nan;nan,nan;nan,nan;nan,nan;nan,nan;nan,nan;nan,nan;nan,nan;nan,nan;nan,nan;nan,nan;nan,nan;nan,nan;nan,nan;nan,nan;nan,nan;nan,nan;nan,nan;nan,nan;nan,nan;nan,nan;nan,nan;nan,0.5;0.25,0.5;0.25,nan;nan,nan;nan,nan;nan
Recreation and leisure,Talking (including phone) or writing/reading own correspondence,0.5,nan;nan,nan;nan,nan;nan,nan;nan,nan;nan,nan;nan,nan;nan,nan;nan,nan;nan,nan;nan,nan;nan,nan;nan,nan;nan,nan;nan,nan;nan,nan;nan,nan;nan,nan;nan,nan;nan,nan;nan,nan;nan,1.0;0.0,nan;nan,nan;nan,nan;nan,nan;nan,nan;nan
Recreation and leisure,Associated travel,0.08,nan;nan,nan;nan,nan;nan,nan;nan,nan;nan,nan;nan,nan;nan,nan;nan,nan;nan,nan;nan,nan;nan,nan;nan,nan;nan,nan;nan,0.7;0.1,0.3;0.1,nan;nan,nan;nan,nan;nan,nan;nan,nan;nan,nan;nan,nan;nan,nan;nan,nan;nan,nan;nan,nan;nan
Recreation and leisure,Other,0.08,nan;nan,nan;nan,nan;nan,nan;nan,nan;nan,nan;nan,nan;nan,nan;nan,nan;nan,nan;nan,nan;nan,nan;nan,nan;nan,nan;nan,nan;nan,nan;nan,nan;nan,nan;nan,nan;nan,nan;nan,nan;nan,nan;nan,0.5;0.25,0.5;0.25,nan;nan,nan;nan,nan;nan
Undescribed,Undescribed,0.12,nan;nan,nan;nan,nan;nan,nan;nan,nan;nan,nan;nan,nan;nan,nan;nan,nan;nan,nan;nan,nan;nan,nan;nan,nan;nan,nan;nan,nan;nan,nan;nan,nan;nan,nan;nan,nan;nan,nan;nan,nan;nan,nan;nan,nan;nan,nan;nan,nan;nan,nan;nan,1.0;0.0