tier1,tier2,hours_per_day,growth_collection,processing,preparation,material,energy,things,buildings,infrastructure,inhabited,waste,sleep,hygiene_grooming,childcare,adultcare,moving_things,moving_people,organization,education_research,meals,active_rec,religious,social,interactive,passive,work_employment,work_other,unknown
Work,work,1.72,nan;nan,nan;nan,nan;nan,nan;nan,nan;nan,nan;nan,nan;nan,nan;nan,nan;nan,nan;nan,nan;nan,nan;nan,nan;nan,nan;nan,nan;nan,nan;nan,nan;nan,nan;nan,nan;nan,nan;nan,nan;nan,nan;nan,nan;nan,nan;nan,1.0;0.0,nan;nan,nan;nan
Work,other work: helping a household member in their work,0.09,nan;nan,nan;nan,nan;nan,nan;nan,nan;nan,nan;nan,nan;nan,nan;nan,nan;nan,nan;nan,nan;nan,nan;nan,nan;nan,nan;nan,nan;nan,nan;nan,nan;nan,nan;nan,nan;nan,nan;nan,nan;nan,nan;nan,nan;nan,nan;nan,1.0;0.0,nan;nan,nan;nan
Work,"non-work at workplace (strikes, breaks)",0.02,nan;nan,nan;nan,nan;nan,nan;nan,nan;nan,nan;nan,nan;nan,nan;nan,nan;nan,nan;nan,nan;nan,nan;nan,nan;nan,nan;nan,nan;nan,nan;nan,nan;nan,nan;nan,nan;nan,nan;nan,nan;nan,nan;nan,nan;nan,nan;nan,1.0;0.0,nan;nan,nan;nan
Work,"other related activities: work-related training, job search",0.01,nan;nan,nan;nan,nan;nan,nan;nan,nan;nan,nan;nan,nan;nan,nan;nan,nan;nan,nan;nan,nan;nan,nan;nan,nan;nan,nan;nan,nan;nan,nan;nan,0.5;0.2,0.5;0.2,nan;nan,nan;nan,nan;nan,nan;nan,nan;nan,nan;nan,nan;nan,nan;nan,nan;nan
Work,gardening,0.05,0.5;0.15,nan;nan,nan;nan,nan;nan,nan;nan,nan;nan,nan;nan,nan;nan,0.5;0.15,nan;nan,nan;nan,nan;nan,nan;nan,nan;nan,nan;nan,nan;nan,nan;nan,nan;nan,nan;nan,nan;nan,nan;nan,nan;nan,nan;nan,nan;nan,nan;nan,nan;nan,nan;nan
Housework,cooking,1.43,nan;nan,nan;nan,1.0;0.0,nan;nan,nan;nan,nan;nan,nan;nan,nan;nan,nan;nan,nan;nan,nan;nan,nan;nan,nan;nan,nan;nan,nan;nan,nan;nan,nan;nan,nan;nan,nan;nan,nan;nan,nan;nan,nan;nan,nan;nan,nan;nan,nan;nan,nan;nan,nan;nan
Housework,other housework,0.92,nan;nan,nan;nan,nan;nan,nan;nan,nan;nan,0.05;0.025,0.05;0.025,nan;nan,0.9;0.1,nan;nan,nan;nan,nan;nan,nan;nan,nan;nan,nan;nan,nan;nan,nan;nan,nan;nan,nan;nan,nan;nan,nan;nan,nan;nan,nan;nan,nan;nan,nan;nan,nan;nan,nan;nan
Housework,shopping and household management,0.28,nan;nan,nan;nan,nan;nan,nan;nan,nan;nan,nan;nan,nan;nan,nan;nan,nan;nan,nan;nan,nan;nan,nan;nan,nan;nan,nan;nan,nan;nan,nan;nan,1.0;0.0,nan;nan,nan;nan,nan;nan,nan;nan,nan;nan,nan;nan,nan;nan,nan;nan,nan;nan,nan;nan
Housework,home improvement (DIY),0.04,nan;nan,nan;nan,nan;nan,nan;nan,nan;nan,nan;nan,1.0;0.0,nan;nan,nan;nan,nan;nan,nan;nan,nan;nan,nan;nan,nan;nan,nan;nan,nan;nan,nan;nan,nan;nan,nan;nan,nan;nan,nan;nan,nan;nan,nan;nan,nan;nan,nan;nan,nan;nan,nan;nan
Housework,pet care,0.01,nan;nan,nan;nan,nan;nan,nan;nan,nan;nan,nan;nan,nan;nan,nan;nan,nan;nan,nan;nan,nan;nan,nan;nan,nan;nan,nan;nan,nan;nan,nan;nan,nan;nan,nan;nan,nan;nan,nan;nan,nan;nan,nan;nan,1.0;0.0,nan;nan,nan;nan,nan;nan,nan;nan
Housework,other domestic activities,0.02,nan;nan,nan;nan,nan;nan,nan;nan,nan;nan,nan;nan,nan;nan,nan;nan,1.0;0.0,nan;nan,nan;nan,nan;nan,nan;nan,nan;nan,nan;nan,nan;nan,nan;nan,nan;nan,nan;nan,nan;nan,nan;nan,nan;nan,nan;nan,nan;nan,nan;nan,nan;nan,nan;nan
Care for children and other household members,childcare,0.22,nan;nan,nan;nan,nan;nan,nan;nan,nan;nan,nan;nan,nan;nan,nan;nan,nan;nan,nan;nan,nan;nan,nan;nan,1.0;0.0,nan;nan,nan;nan,nan;nan,nan;nan,nan;nan,nan;nan,nan;nan,nan;nan,nan;nan,nan;nan,nan;nan,nan;nan,nan;nan,nan;nan
Care for children and other household members,educating children,0.08,nan;nan,nan;nan,nan;nan,nan;nan,nan;nan,nan;nan,nan;nan,nan;nan,nan;nan,nan;nan,nan;nan,nan;nan,nan;nan,nan;nan,nan;nan,nan;nan,nan;nan,1.0;0.0,nan;nan,nan;nan,nan;nan,nan;nan,nan;nan,nan;nan,nan;nan,nan;nan,nan;nan
Care for children and other household members,care for household adults,0.03,nan;nan,nan;nan,nan;nan,nan;nan,nan;nan,nan;nan,nan;nan,nan;nan,nan;nan,nan;nan,nan;nan,nan;nan,nan;nan,1.0;0.0,nan;nan,nan;nan,nan;nan,nan;nan,nan;nan,nan;nan,nan;nan,nan;nan,nan;nan,nan;nan,nan;nan,nan;nan,nan;nan
Care for children and other household members,care for other household members,0.01,nan;nan,nan;nan,nan;nan,nan;nan,nan;nan,nan;nan,nan;nan,nan;nan,nan;nan,nan;nan,nan;nan,nan;nan,0.5;0.025,0.5;0.025,nan;nan,nan;nan,nan;nan,nan;nan,nan;nan,nan;nan,nan;nan,nan;nan,nan;nan,nan;nan,nan;nan,nan;nan,nan;nan
Training and learning,training and learning,0.6,nan;nan,nan;nan,nan;nan,nan;nan,nan;nan,nan;nan,nan;nan,nan;nan,nan;nan,nan;nan,nan;nan,nan;nan,nan;nan,nan;nan,nan;nan,nan;nan,nan;nan,1.0;0.0,nan;nan,nan;nan,nan;nan,nan;nan,nan;nan,nan;nan,nan;nan,nan;nan,nan;nan
"Personal care, eating and drinking",personal care,0.62,nan;nan,nan;nan,nan;nan,nan;nan,nan;nan,nan;nan,nan;nan,nan;nan,nan;nan,nan;nan,nan;nan,1.0;0.0,nan;nan,nan;nan,nan;nan,nan;nan,nan;nan,nan;nan,nan;nan,nan;nan,nan;nan,nan;nan,nan;nan,nan;nan,nan;nan,nan;nan,nan;nan
"Personal care, eating and drinking",medical care,0.04,nan;nan,nan;nan,nan;nan,nan;nan,nan;nan,nan;nan,nan;nan,nan;nan,nan;nan,nan;nan,nan;nan,nan;nan,0.05;0.025,0.95;0.025,nan;nan,nan;nan,nan;nan,nan;nan,nan;nan,nan;nan,nan;nan,nan;nan,nan;nan,nan;nan,nan;nan,nan;nan,nan;nan
"Personal care, eating and drinking",eating and drinking,1.9,nan;nan,nan;nan,nan;nan,nan;nan,nan;nan,nan;nan,nan;nan,nan;nan,nan;nan,nan;nan,nan;nan,nan;nan,nan;nan,nan;nan,nan;nan,nan;nan,nan;nan,nan;nan,1.0;0.0,nan;nan,nan;nan,nan;nan,nan;nan,nan;nan,nan;nan,nan;nan,nan;nan
"Personal care, eating and drinking",sleep,9.65,nan;nan,nan;nan,nan;nan,nan;nan,nan;nan,nan;nan,nan;nan,nan;nan,nan;nan,nan;nan,1.0;0.0,nan;nan,nan;nan,nan;nan,nan;nan,nan;nan,nan;nan,nan;nan,nan;nan,nan;nan,nan;nan,nan;nan,nan;nan,nan;nan,nan;nan,nan;nan,nan;nan
"Personal care, eating and drinking",rest,0.84,nan;nan,nan;nan,nan;nan,nan;nan,nan;nan,nan;nan,nan;nan,nan;nan,nan;nan,nan;nan,nan;nan,nan;nan,nan;nan,nan;nan,nan;nan,nan;nan,nan;nan,nan;nan,nan;nan,nan;nan,nan;nan,nan;nan,nan;nan,1.0;0.0,nan;nan,nan;nan,nan;nan
Social participation,"meetings, receptions, and visits",0.71,nan;nan,nan;nan,nan;nan,nan;nan,nan;nan,nan;nan,nan;nan,nan;nan,nan;nan,nan;nan,nan;nan,nan;nan,nan;nan,nan;nan,nan;nan,nan;nan,nan;nan,nan;nan,nan;nan,nan;nan,nan;nan,1.0;0.0,nan;nan,nan;nan,nan;nan,nan;nan,nan;nan
Social participation,conversations,0.55,nan;nan,nan;nan,nan;nan,nan;nan,nan;nan,nan;nan,nan;nan,nan;nan,nan;nan,nan;nan,nan;nan,nan;nan,nan;nan,nan;nan,nan;nan,nan;nan,nan;nan,nan;nan,nan;nan,nan;nan,nan;nan,1.0;0.0,nan;nan,nan;nan,nan;nan,nan;nan,nan;nan
Social participation,religious practices,0.6,nan;nan,nan;nan,nan;nan,nan;nan,nan;nan,nan;nan,nan;nan,nan;nan,nan;nan,nan;nan,nan;nan,nan;nan,nan;nan,nan;nan,nan;nan,nan;nan,nan;nan,nan;nan,nan;nan,nan;nan,1.0;0.0,nan;nan,nan;nan,nan;nan,nan;nan,nan;nan,nan;nan
Social participation,other social activities,0.07,nan;nan,nan;nan,nan;nan,nan;nan,nan;nan,nan;nan,nan;nan,nan;nan,nan;nan,nan;nan,nan;nan,nan;nan,nan;nan,nan;nan,nan;nan,nan;nan,nan;nan,nan;nan,nan;nan,nan;nan,nan;nan,1.0;0.0,nan;nan,nan;nan,nan;nan,nan;nan,nan;nan
"Leisure, media, and games",sports,0.04,nan;nan,nan;nan,nan;nan,nan;nan,nan;nan,nan;nan,nan;nan,nan;nan,nan;nan,nan;nan,nan;nan,nan;nan,nan;nan,nan;nan,nan;nan,nan;nan,nan;nan,nan;nan,nan;nan,1.0;0.0,nan;nan,nan;nan,nan;nan,nan;nan,nan;nan,nan;nan,nan;nan
"Leisure, media, and games",walks,0.23,nan;nan,nan;nan,nan;nan,nan;nan,nan;nan,nan;nan,nan;nan,nan;nan,nan;nan,nan;nan,nan;nan,nan;nan,nan;nan,nan;nan,nan;nan,nan;nan,nan;nan,nan;nan,nan;nan,1.0;0.0,nan;nan,nan;nan,nan;nan,nan;nan,nan;nan,nan;nan,nan;nan
"Leisure, media, and games",other outings,0.04,nan;nan,nan;nan,nan;nan,nan;nan,nan;nan,nan;nan,nan;nan,nan;nan,nan;nan,nan;nan,nan;nan,nan;nan,nan;nan,nan;nan,nan;nan,nan;nan,nan;nan,nan;nan,nan;nan,0.5;0.25,nan;nan,0.5;0.25,nan;nan,nan;nan,nan;nan,nan;nan,nan;nan
"Leisure, media, and games",reading,0.03,nan;nan,nan;nan,nan;nan,nan;nan,nan;nan,nan;nan,nan;nan,nan;nan,nan;nan,nan;nan,nan;nan,nan;nan,nan;nan,nan;nan,nan;nan,nan;nan,nan;nan,nan;nan,nan;nan,nan;nan,nan;nan,nan;nan,nan;nan,1.0;0.0,nan;nan,nan;nan,nan;nan
"Leisure, media, and games",watching TV,2.21,nan;nan,nan;nan,nan;nan,nan;nan,nan;nan,nan;nan,nan;nan,nan;nan,nan;nan,nan;nan,nan;nan,nan;nan,nan;nan,nan;nan,nan;nan,nan;nan,nan;nan,nan;nan,nan;nan,nan;nan,nan;nan,nan;nan,nan;nan,1.0;0.0,nan;nan,nan;nan,nan;nan
"Leisure, media, and games",other medias,0.02,nan;nan,nan;nan,nan;nan,nan;nan,nan;nan,nan;nan,nan;nan,nan;nan,nan;nan,nan;nan,nan;nan,nan;nan,nan;nan,nan;nan,nan;nan,nan;nan,nan;nan,nan;nan,nan;nan,nan;nan,nan;nan,nan;nan,nan;nan,1.0;0.0,nan;nan,nan;nan,nan;nan
"Leisure, media, and games",shows,0.01,nan;nan,nan;nan,nan;nan,nan;nan,nan;nan,nan;nan,nan;nan,nan;nan,nan;nan,nan;nan,nan;nan,nan;nan,nan;nan,nan;nan,nan;nan,nan;nan,nan;nan,nan;nan,nan;nan,nan;nan,nan;nan,nan;nan,nan;nan,1.0;0.0,nan;nan,nan;nan,nan;nan
"Leisure, media, and games",leisure and board games,0.05,nan;nan,nan;nan,nan;nan,nan;nan,nan;nan,nan;nan,nan;nan,nan;nan,nan;nan,nan;nan,nan;nan,nan;nan,nan;nan,nan;nan,nan;nan,nan;nan,nan;nan,nan;nan,nan;nan,nan;nan,nan;nan,nan;nan,1.0;0.0,nan;nan,nan;nan,nan;nan,nan;nan
"Leisure, media, and games",computer hobbies,0.16,nan;nan,nan;nan,nan;nan,nan;nan,nan;nan,nan;nan,nan;nan,nan;nan,nan;nan,nan;nan,nan;nan,nan;nan,nan;nan,nan;nan,nan;nan,nan;nan,nan;nan,nan;nan,nan;nan,nan;nan,nan;nan,nan;nan,1.0;0.0,nan;nan,nan;nan,nan;nan,nan;nan
Transport and movement,transport and movement,0.76,nan;nan,nan;nan,nan;nan,nan;nan,nan;nan,nan;nan,nan;nan,nan;nan,nan;nan,nan;nan,nan;nan,nan;nan,nan;nan,nan;nan,0.25;0.1,0.75;0.1,nan;nan,nan;nan,nan;nan,nan;nan,nan;nan,nan;nan,nan;nan,nan;nan,nan;nan,nan;nan,nan;nan
Non-specified activities,non-specified activities,0.01,nan;nan,nan;nan,nan;nan,nan;nan,nan;nan,nan;nan,nan;nan,nan;nan,nan;nan,nan;nan,nan;nan,nan;nan,nan;nan,nan;nan,nan;nan,nan;nan,nan;nan,nan;nan,nan;nan,nan;nan,nan;nan,nan;nan,nan;nan,nan;nan,nan;nan,nan;nan,1.0;0.0