﻿tier1,tier2,hours_per_day,growth_collection,processing,preparation,material,energy,things,buildings,infrastructure,inhabited,waste,sleep,hygiene_grooming,childcare,adultcare,moving_things,moving_people,organization,education_research,meals,active_rec,religious,social,interactive,passive,work_employment,work_other,unknown
Employment and related activities,"Employment and related activities (including employment in corporations, government and non-profit institutions, employment in household enterprises to produce goods, employment in households and household enterprises providing services, ancillary activities and breaks related to employment, seeking employment, setting up a business, travelling and commuting for employment, etc.)",2.4625,nan;nan,nan;nan,nan;nan,nan;nan,nan;nan,nan;nan,nan;nan,nan;nan,nan;nan,nan;nan,nan;nan,nan;nan,nan;nan,nan;nan,nan;nan,0.1;0.05,nan;nan,nan;nan,nan;nan,nan;nan,nan;nan,nan;nan,nan;nan,nan;nan,0.9;0.05,nan;nan,nan;nan
Production of goods for own final use ,Production of goods for own final use ,0.04,nan;nan,nan;nan,nan;nan,nan;nan,nan;nan,1.0;0.0,nan;nan,nan;nan,nan;nan,nan;nan,nan;nan,nan;nan,nan;nan,nan;nan,nan;nan,nan;nan,nan;nan,nan;nan,nan;nan,nan;nan,nan;nan,nan;nan,nan;nan,nan;nan,nan;nan,nan;nan,nan;nan
Unpaid domestic services for household and family members ,"Unpaid domestic services for household and family members (including food and meals management and preparation, cleaning and maintaining of own dwelling and surroundings, shopping for own household and family members, gardening (upkeep of flowers and plants) and pet care, etc.)",2.6125,0.05;0.1,nan;nan,0.35;0.1,nan;nan,nan;nan,nan;nan,0.1;0.1,nan;nan,0.35;0.1,nan;nan,nan;nan,nan;nan,nan;nan,nan;nan,0.05;0.1,nan;nan,0.1;0.1,nan;nan,nan;nan,nan;nan,nan;nan,nan;nan,nan;nan,nan;nan,nan;nan,nan;nan,nan;nan
Unpaid caregiving services for household and family members ,Unpaid caregiving services for household and family members ,0.2525,nan;nan,nan;nan,nan;nan,nan;nan,nan;nan,nan;nan,nan;nan,nan;nan,nan;nan,nan;nan,nan;nan,nan;nan,0.9;0.05,0.1;0.05,nan;nan,nan;nan,nan;nan,nan;nan,nan;nan,nan;nan,nan;nan,nan;nan,nan;nan,nan;nan,nan;nan,nan;nan,nan;nan
"Unpaid volunteer, trainee and other unpaid work ","Unpaid volunteer, trainee and other unpaid work ",0.02,nan;nan,nan;nan,0.1;0.05,nan;nan,nan;nan,0.025;0.0125,0.05;0.025,0.05;0.025,0.1;0.025,nan;nan,nan;nan,0.025;0.0125,0.05;0.025,0.05;0.025,nan;nan,0.05;0.025,0.3;0.125,0.05;0.0125,nan;nan,0.05;0.025,0.05;0.025,nan;nan,0.05;0.025,nan;nan,nan;nan,nan;nan,nan;nan
Learning ,Learning ,0.2275,nan;nan,nan;nan,nan;nan,nan;nan,nan;nan,nan;nan,nan;nan,nan;nan,nan;nan,nan;nan,nan;nan,nan;nan,nan;nan,nan;nan,nan;nan,0.1;0.05,nan;nan,0.9;0.05,nan;nan,nan;nan,nan;nan,nan;nan,nan;nan,nan;nan,nan;nan,nan;nan,nan;nan
"Socializing, communication, community participation and religious practice ","Socializing, communication, community participation and religious practice (including talking, participating in community cultural/social events, involvement in civic and related responsibilities, religious practices, travelling time related to socializing and communication, and religious practice, etc.)",1.3575,nan;nan,nan;nan,nan;nan,nan;nan,nan;nan,nan;nan,nan;nan,nan;nan,nan;nan,nan;nan,nan;nan,nan;nan,nan;nan,nan;nan,nan;nan,0.1;0.05,nan;nan,nan;nan,nan;nan,nan;nan,0.25;0.1,0.65;0.1,nan;nan,nan;nan,nan;nan,nan;nan,nan;nan
"Culture, leisure, mass-media and sports practices ","Culture, leisure, mass-media and sports practices (including attending/visiting cultural, entertainment and sports events/venues, mass media use, reading for leisure, watching/listening to television and radio, travelling time related to culture, leisure, mass- media and sports practices , etc.)",4.1875,nan;nan,nan;nan,nan;nan,nan;nan,nan;nan,nan;nan,nan;nan,nan;nan,nan;nan,nan;nan,nan;nan,nan;nan,nan;nan,nan;nan,nan;nan,0.05;0.05,nan;nan,nan;nan,nan;nan,0.1;0.05,nan;nan,nan;nan,0.25;0.05,0.6;0.05,nan;nan,nan;nan,nan;nan
Self-care and maintenance ,"Self-care and maintenance (including sleeping, eating and drinking, personal hygiene and health/medical cares, travelling related to self-care and maintenance activities, etc.)",11.3375,nan;nan,nan;nan,nan;nan,nan;nan,nan;nan,nan;nan,nan;nan,nan;nan,nan;nan,nan;nan,0.725;0.05,0.1;0.05,nan;nan,0.025;0.0125,nan;nan,0.025;0.0125,nan;nan,nan;nan,0.125;0.05,nan;nan,nan;nan,nan;nan,nan;nan,nan;nan,nan;nan,nan;nan,nan;nan