tier1,tier2,hours_per_day,growth_collection,processing,preparation,material,energy,things,buildings,infrastructure,inhabited,waste,sleep,hygiene_grooming,childcare,adultcare,moving_things,moving_people,organization,education_research,meals,active_rec,religious,social,interactive,passive,work_employment,work_other,unknown
Sleep,Sleep,8.35,nan;nan,nan;nan,nan;nan,nan;nan,nan;nan,nan;nan,nan;nan,nan;nan,nan;nan,nan;nan,1.0;0.0,nan;nan,nan;nan,nan;nan,nan;nan,nan;nan,nan;nan,nan;nan,nan;nan,nan;nan,nan;nan,nan;nan,nan;nan,nan;nan,nan;nan,nan;nan,nan;nan
Meals,Meals (excluding receptions or ceremonies),1.33333333,nan;nan,nan;nan,nan;nan,nan;nan,nan;nan,nan;nan,nan;nan,nan;nan,nan;nan,nan;nan,nan;nan,nan;nan,nan;nan,nan;nan,nan;nan,nan;nan,nan;nan,nan;nan,1.0;0.0,nan;nan,nan;nan,nan;nan,nan;nan,nan;nan,nan;nan,nan;nan,nan;nan
Meals,Meals (receptions or ceremonies),0.11666667,nan;nan,nan;nan,nan;nan,nan;nan,nan;nan,nan;nan,nan;nan,nan;nan,nan;nan,nan;nan,nan;nan,nan;nan,nan;nan,nan;nan,nan;nan,nan;nan,nan;nan,nan;nan,1.0;0.0,nan;nan,nan;nan,nan;nan,nan;nan,nan;nan,nan;nan,nan;nan,nan;nan
Meals,Tasks related to meals,0.01666667,nan;nan,nan;nan,1.0;0.0,nan;nan,nan;nan,nan;nan,nan;nan,nan;nan,nan;nan,nan;nan,nan;nan,nan;nan,nan;nan,nan;nan,nan;nan,nan;nan,nan;nan,nan;nan,nan;nan,nan;nan,nan;nan,nan;nan,nan;nan,nan;nan,nan;nan,nan;nan,nan;nan
Personal care,Personal care,0.73333333,nan;nan,nan;nan,nan;nan,nan;nan,nan;nan,nan;nan,nan;nan,nan;nan,nan;nan,nan;nan,nan;nan,1.0;0.0,nan;nan,nan;nan,nan;nan,nan;nan,nan;nan,nan;nan,nan;nan,nan;nan,nan;nan,nan;nan,nan;nan,nan;nan,nan;nan,nan;nan,nan;nan
Personal care,Medical care,0.03333333,nan;nan,nan;nan,nan;nan,nan;nan,nan;nan,nan;nan,nan;nan,nan;nan,nan;nan,nan;nan,nan;nan,nan;nan,0.05;0.025,0.95;0.025,nan;nan,nan;nan,nan;nan,nan;nan,nan;nan,nan;nan,nan;nan,nan;nan,nan;nan,nan;nan,nan;nan,nan;nan,nan;nan
Personal care,Other private activities,0.01666667,nan;nan,nan;nan,nan;nan,nan;nan,nan;nan,nan;nan,nan;nan,nan;nan,nan;nan,nan;nan,nan;nan,1.0;0.0,nan;nan,nan;nan,nan;nan,nan;nan,nan;nan,nan;nan,nan;nan,nan;nan,nan;nan,nan;nan,nan;nan,nan;nan,nan;nan,nan;nan,nan;nan
Professional work,Main professional work (excluding agriculture),2.28333333,nan;nan,nan;nan,nan;nan,nan;nan,nan;nan,nan;nan,nan;nan,nan;nan,nan;nan,nan;nan,nan;nan,nan;nan,nan;nan,nan;nan,nan;nan,0.1;0.05,nan;nan,nan;nan,nan;nan,nan;nan,nan;nan,nan;nan,nan;nan,nan;nan,0.9;0.05,nan;nan,nan;nan
Professional work,Agriculture,0.88333333,nan;nan,nan;nan,nan;nan,nan;nan,nan;nan,nan;nan,nan;nan,nan;nan,nan;nan,nan;nan,nan;nan,nan;nan,nan;nan,nan;nan,nan;nan,0.1;0.05,nan;nan,nan;nan,nan;nan,nan;nan,nan;nan,nan;nan,nan;nan,nan;nan,0.9;0.05,nan;nan,nan;nan
Professional work,Secondary professional activities,0.13333333,nan;nan,nan;nan,nan;nan,nan;nan,nan;nan,nan;nan,nan;nan,nan;nan,nan;nan,nan;nan,nan;nan,nan;nan,nan;nan,nan;nan,nan;nan,0.1;0.05,nan;nan,nan;nan,nan;nan,nan;nan,nan;nan,nan;nan,nan;nan,nan;nan,0.9;0.05,nan;nan,nan;nan
Professional work,Job search,0.03333333,nan;nan,nan;nan,nan;nan,nan;nan,nan;nan,nan;nan,nan;nan,nan;nan,nan;nan,nan;nan,nan;nan,nan;nan,nan;nan,nan;nan,nan;nan,nan;nan,1.0;0.0,nan;nan,nan;nan,nan;nan,nan;nan,nan;nan,nan;nan,nan;nan,nan;nan,nan;nan,nan;nan
Education and training,School activities and studying,0.38333333,nan;nan,nan;nan,nan;nan,nan;nan,nan;nan,nan;nan,nan;nan,nan;nan,nan;nan,nan;nan,nan;nan,nan;nan,nan;nan,nan;nan,nan;nan,nan;nan,nan;nan,1.0;0.0,nan;nan,nan;nan,nan;nan,nan;nan,nan;nan,nan;nan,nan;nan,nan;nan,nan;nan
Education and training,Educaton and training (excluding formal education),0.01666667,nan;nan,nan;nan,nan;nan,nan;nan,nan;nan,nan;nan,nan;nan,nan;nan,nan;nan,nan;nan,nan;nan,nan;nan,nan;nan,nan;nan,nan;nan,nan;nan,nan;nan,1.0;0.0,nan;nan,nan;nan,nan;nan,nan;nan,nan;nan,nan;nan,nan;nan,nan;nan,nan;nan
Education and training,Other forms of apprenticeship,0.01666667,nan;nan,nan;nan,nan;nan,nan;nan,nan;nan,nan;nan,nan;nan,nan;nan,nan;nan,nan;nan,nan;nan,nan;nan,nan;nan,nan;nan,nan;nan,nan;nan,nan;nan,1.0;0.0,nan;nan,nan;nan,nan;nan,nan;nan,nan;nan,nan;nan,nan;nan,nan;nan,nan;nan
Education and training,Related tasks and travel,0.06666667,nan;nan,nan;nan,nan;nan,nan;nan,nan;nan,nan;nan,nan;nan,nan;nan,nan;nan,nan;nan,nan;nan,nan;nan,nan;nan,nan;nan,nan;nan,1.0;0.0,nan;nan,nan;nan,nan;nan,nan;nan,nan;nan,nan;nan,nan;nan,nan;nan,nan;nan,nan;nan,nan;nan
Housework,Cooking,1.41666667,nan;nan,nan;nan,1.0;0.0,nan;nan,nan;nan,nan;nan,nan;nan,nan;nan,nan;nan,nan;nan,nan;nan,nan;nan,nan;nan,nan;nan,nan;nan,nan;nan,nan;nan,nan;nan,nan;nan,nan;nan,nan;nan,nan;nan,nan;nan,nan;nan,nan;nan,nan;nan,nan;nan
Housework,Cleaning interior of home,0.38333333,nan;nan,nan;nan,nan;nan,nan;nan,nan;nan,nan;nan,nan;nan,nan;nan,1.0;0.0,nan;nan,nan;nan,nan;nan,nan;nan,nan;nan,nan;nan,nan;nan,nan;nan,nan;nan,nan;nan,nan;nan,nan;nan,nan;nan,nan;nan,nan;nan,nan;nan,nan;nan,nan;nan
Housework,Laundry and clothing care,0.26666667,nan;nan,nan;nan,nan;nan,nan;nan,nan;nan,nan;nan,nan;nan,nan;nan,1.0;0.0,nan;nan,nan;nan,nan;nan,nan;nan,nan;nan,nan;nan,nan;nan,nan;nan,nan;nan,nan;nan,nan;nan,nan;nan,nan;nan,nan;nan,nan;nan,nan;nan,nan;nan,nan;nan
Housework,Cleaning exterior of home,0,nan;nan,nan;nan,nan;nan,nan;nan,nan;nan,nan;nan,nan;nan,nan;nan,1.0;0.0,nan;nan,nan;nan,nan;nan,nan;nan,nan;nan,nan;nan,nan;nan,nan;nan,nan;nan,nan;nan,nan;nan,nan;nan,nan;nan,nan;nan,nan;nan,nan;nan,nan;nan,nan;nan
Housework,Purchasing goods and services,0.3,nan;nan,nan;nan,nan;nan,nan;nan,nan;nan,nan;nan,nan;nan,nan;nan,nan;nan,nan;nan,nan;nan,nan;nan,nan;nan,nan;nan,0.1;0.05,nan;nan,0.9;0.05,nan;nan,nan;nan,nan;nan,nan;nan,nan;nan,nan;nan,nan;nan,nan;nan,nan;nan,nan;nan
Housework,Provision of water,0.05,nan;nan,nan;nan,nan;nan,nan;nan,nan;nan,nan;nan,nan;nan,nan;nan,nan;nan,nan;nan,nan;nan,nan;nan,nan;nan,nan;nan,1.0;0.0,nan;nan,nan;nan,nan;nan,nan;nan,nan;nan,nan;nan,nan;nan,nan;nan,nan;nan,nan;nan,nan;nan,nan;nan
Housework,"Provision of wood or gas, or similar",0.03333333,nan;nan,nan;nan,nan;nan,0.5;0.15,0.5;0.15,nan;nan,nan;nan,nan;nan,nan;nan,nan;nan,nan;nan,nan;nan,nan;nan,nan;nan,nan;nan,nan;nan,nan;nan,nan;nan,nan;nan,nan;nan,nan;nan,nan;nan,nan;nan,nan;nan,nan;nan,nan;nan,nan;nan
Housework,Other activities related to housework,0.06666667,nan;nan,nan;nan,nan;nan,nan;nan,nan;nan,nan;nan,nan;nan,nan;nan,0.7;0.1,nan;nan,nan;nan,nan;nan,nan;nan,nan;nan,0.3;0.1,nan;nan,nan;nan,nan;nan,nan;nan,nan;nan,nan;nan,nan;nan,nan;nan,nan;nan,nan;nan,nan;nan,nan;nan
Housework,Administrative services,0.03333333,nan;nan,nan;nan,nan;nan,nan;nan,nan;nan,nan;nan,nan;nan,nan;nan,nan;nan,nan;nan,nan;nan,nan;nan,nan;nan,nan;nan,nan;nan,nan;nan,1.0;0.0,nan;nan,nan;nan,nan;nan,nan;nan,nan;nan,nan;nan,nan;nan,nan;nan,nan;nan,nan;nan
Care for household members,Care for household children (less than 15 years),0.23333333,nan;nan,nan;nan,nan;nan,nan;nan,nan;nan,nan;nan,nan;nan,nan;nan,nan;nan,nan;nan,nan;nan,nan;nan,1.0;0.0,nan;nan,nan;nan,nan;nan,nan;nan,nan;nan,nan;nan,nan;nan,nan;nan,nan;nan,nan;nan,nan;nan,nan;nan,nan;nan,nan;nan
Care for household members,Instruction and playing games,0.08333333,nan;nan,nan;nan,nan;nan,nan;nan,nan;nan,nan;nan,nan;nan,nan;nan,nan;nan,nan;nan,nan;nan,nan;nan,nan;nan,nan;nan,nan;nan,nan;nan,nan;nan,nan;nan,nan;nan,nan;nan,nan;nan,nan;nan,1.0;0.0,nan;nan,nan;nan,nan;nan,nan;nan
Care for household members,Medical care for children (less than 15 years),0.01666667,nan;nan,nan;nan,nan;nan,nan;nan,nan;nan,nan;nan,nan;nan,nan;nan,nan;nan,nan;nan,nan;nan,nan;nan,1.0;0.0,nan;nan,nan;nan,nan;nan,nan;nan,nan;nan,nan;nan,nan;nan,nan;nan,nan;nan,nan;nan,nan;nan,nan;nan,nan;nan,nan;nan
Care for household members,Care for household adults (more than 15 years),0.03333333,nan;nan,nan;nan,nan;nan,nan;nan,nan;nan,nan;nan,nan;nan,nan;nan,nan;nan,nan;nan,nan;nan,nan;nan,nan;nan,1.0;0.0,nan;nan,nan;nan,nan;nan,nan;nan,nan;nan,nan;nan,nan;nan,nan;nan,nan;nan,nan;nan,nan;nan,nan;nan,nan;nan
Hobbies,Practicing a sport or game,0.05,nan;nan,nan;nan,nan;nan,nan;nan,nan;nan,nan;nan,nan;nan,nan;nan,nan;nan,nan;nan,nan;nan,nan;nan,nan;nan,nan;nan,nan;nan,nan;nan,nan;nan,nan;nan,nan;nan,1.0;0.0,nan;nan,nan;nan,nan;nan,nan;nan,nan;nan,nan;nan,nan;nan
Hobbies,"Excursions, hikes, travel and outings",0.6,nan;nan,nan;nan,nan;nan,nan;nan,nan;nan,nan;nan,nan;nan,nan;nan,nan;nan,nan;nan,nan;nan,nan;nan,nan;nan,nan;nan,nan;nan,0.1;0.05,nan;nan,nan;nan,nan;nan,0.9;0.05,nan;nan,nan;nan,nan;nan,nan;nan,nan;nan,nan;nan,nan;nan
Hobbies,"Reading, media and use of computer and internet",2.43333333,nan;nan,nan;nan,nan;nan,nan;nan,nan;nan,nan;nan,nan;nan,nan;nan,nan;nan,nan;nan,nan;nan,nan;nan,nan;nan,nan;nan,nan;nan,nan;nan,nan;nan,nan;nan,nan;nan,nan;nan,nan;nan,0.2;0.075,0.2;0.075,0.6;0.15,nan;nan,nan;nan,nan;nan
Hobbies,"Assisting at spectacles, parties, expositions",0.01666667,nan;nan,nan;nan,nan;nan,nan;nan,nan;nan,nan;nan,nan;nan,nan;nan,nan;nan,nan;nan,nan;nan,nan;nan,nan;nan,nan;nan,nan;nan,nan;nan,nan;nan,nan;nan,nan;nan,nan;nan,nan;nan,nan;nan,1.0;0.0,nan;nan,nan;nan,nan;nan,nan;nan
Hobbies,"Practicing a game, musical instrument, or dance",0.05,nan;nan,nan;nan,nan;nan,nan;nan,nan;nan,nan;nan,nan;nan,nan;nan,nan;nan,nan;nan,nan;nan,nan;nan,nan;nan,nan;nan,nan;nan,nan;nan,nan;nan,nan;nan,nan;nan,nan;nan,nan;nan,nan;nan,1.0;0.0,nan;nan,nan;nan,nan;nan,nan;nan
Hobbies,Semi-hobbies,0.01666667,nan;nan,nan;nan,nan;nan,nan;nan,nan;nan,nan;nan,nan;nan,nan;nan,nan;nan,nan;nan,nan;nan,nan;nan,nan;nan,nan;nan,nan;nan,nan;nan,nan;nan,nan;nan,nan;nan,nan;nan,nan;nan,nan;nan,1.0;0.0,nan;nan,nan;nan,nan;nan,nan;nan
Hobbies,No activity,0.63333333,nan;nan,nan;nan,nan;nan,nan;nan,nan;nan,nan;nan,nan;nan,nan;nan,nan;nan,nan;nan,nan;nan,nan;nan,nan;nan,nan;nan,nan;nan,nan;nan,nan;nan,nan;nan,nan;nan,nan;nan,nan;nan,nan;nan,nan;nan,1.0;0.0,nan;nan,nan;nan,nan;nan
Hobbies,Rest,0.71666667,nan;nan,nan;nan,nan;nan,nan;nan,nan;nan,nan;nan,nan;nan,nan;nan,nan;nan,nan;nan,nan;nan,nan;nan,nan;nan,nan;nan,nan;nan,nan;nan,nan;nan,nan;nan,nan;nan,nan;nan,nan;nan,nan;nan,nan;nan,1.0;0.0,nan;nan,nan;nan,nan;nan
Social life,Receptions and visits,0.45,nan;nan,nan;nan,nan;nan,nan;nan,nan;nan,nan;nan,nan;nan,nan;nan,nan;nan,nan;nan,nan;nan,nan;nan,nan;nan,nan;nan,nan;nan,nan;nan,nan;nan,nan;nan,nan;nan,nan;nan,nan;nan,1.0;0.0,nan;nan,nan;nan,nan;nan,nan;nan,nan;nan
Social life,"Conversations, telephone communication, email, discussions, etc",0.63333333,nan;nan,nan;nan,nan;nan,nan;nan,nan;nan,nan;nan,nan;nan,nan;nan,nan;nan,nan;nan,nan;nan,nan;nan,nan;nan,nan;nan,nan;nan,nan;nan,nan;nan,nan;nan,nan;nan,nan;nan,nan;nan,1.0;0.0,nan;nan,nan;nan,nan;nan,nan;nan,nan;nan
Social life,"Civil engagement, volunteering, community activity and aid",0.01666667,nan;nan,nan;nan,nan;nan,nan;nan,nan;nan,nan;nan,nan;nan,nan;nan,0.2;0.1,nan;nan,nan;nan,nan;nan,0.15;0.075,0.15;0.075,nan;nan,nan;nan,0.2;0.1,0.2;0.1,nan;nan,nan;nan,nan;nan,0.1;0.05,nan;nan,nan;nan,nan;nan,nan;nan,nan;nan
Social life,Aid and volunteering for family and friends,0.06666667,nan;nan,nan;nan,0.1;0.05,nan;nan,nan;nan,nan;nan,nan;nan,nan;nan,0.2;0.1,nan;nan,nan;nan,nan;nan,0.15;0.075,0.15;0.075,nan;nan,nan;nan,0.2;0.1,0.1;0.05,nan;nan,nan;nan,nan;nan,0.1;0.05,nan;nan,nan;nan,nan;nan,nan;nan,nan;nan
Religious practice,Religious practice,0.91666667,nan;nan,nan;nan,nan;nan,nan;nan,nan;nan,nan;nan,nan;nan,nan;nan,nan;nan,nan;nan,nan;nan,nan;nan,nan;nan,nan;nan,nan;nan,nan;nan,nan;nan,nan;nan,nan;nan,nan;nan,1.0;0.0,nan;nan,nan;nan,nan;nan,nan;nan,nan;nan,nan;nan
Religious practice,Travel related to religious practice,0.08333333,nan;nan,nan;nan,nan;nan,nan;nan,nan;nan,nan;nan,nan;nan,nan;nan,nan;nan,nan;nan,nan;nan,nan;nan,nan;nan,nan;nan,nan;nan,1.0;0.0,nan;nan,nan;nan,nan;nan,nan;nan,nan;nan,nan;nan,nan;nan,nan;nan,nan;nan,nan;nan,nan;nan