tier1,tier2,hours_per_day,growth_collection,processing,preparation,material,energy,things,buildings,infrastructure,inhabited,waste,sleep,hygiene_grooming,childcare,adultcare,moving_things,moving_people,organization,education_research,meals,active_rec,religious,social,interactive,passive,work_employment,work_other,unknown
SNA Production Activities,"Work for corporations, quasi-corporations, non-profit institution and government",0.667,nan;nan,nan;nan,nan;nan,nan;nan,nan;nan,nan;nan,nan;nan,nan;nan,nan;nan,nan;nan,nan;nan,nan;nan,nan;nan,nan;nan,nan;nan,0.1;0.05,nan;nan,nan;nan,nan;nan,nan;nan,nan;nan,nan;nan,nan;nan,nan;nan,0.9;0.05,nan;nan,nan;nan
SNA Production Activities,Work for household in primary production activities,1.317,nan;nan,nan;nan,nan;nan,nan;nan,nan;nan,nan;nan,nan;nan,nan;nan,nan;nan,nan;nan,nan;nan,nan;nan,nan;nan,nan;nan,nan;nan,0.1;0.05,nan;nan,nan;nan,nan;nan,nan;nan,nan;nan,nan;nan,nan;nan,nan;nan,0.9;0.05,nan;nan,nan;nan
SNA Production Activities,Work for household in non-primary production activities,0.033,nan;nan,nan;nan,nan;nan,nan;nan,nan;nan,nan;nan,nan;nan,nan;nan,nan;nan,nan;nan,nan;nan,nan;nan,nan;nan,nan;nan,nan;nan,0.1;0.05,nan;nan,nan;nan,nan;nan,nan;nan,nan;nan,nan;nan,nan;nan,nan;nan,0.9;0.05,nan;nan,nan;nan
SNA Production Activities,Work for household in construction activities,0.033,nan;nan,nan;nan,nan;nan,nan;nan,nan;nan,nan;nan,nan;nan,nan;nan,nan;nan,nan;nan,nan;nan,nan;nan,nan;nan,nan;nan,nan;nan,0.1;0.05,nan;nan,nan;nan,nan;nan,nan;nan,nan;nan,nan;nan,nan;nan,nan;nan,0.9;0.05,nan;nan,nan;nan
SNA Production Activities,Work for household providing services for income,2.383,nan;nan,nan;nan,nan;nan,nan;nan,nan;nan,nan;nan,nan;nan,nan;nan,nan;nan,nan;nan,nan;nan,nan;nan,nan;nan,nan;nan,0.1;0.05,0.1;0.05,nan;nan,nan;nan,nan;nan,nan;nan,nan;nan,nan;nan,nan;nan,nan;nan,0.8;0.05,nan;nan,nan;nan
Extended SNA,Providing unpaid domestic services for own final use within household,2.1,nan;nan,nan;nan,0.3;0.15,nan;nan,nan;nan,nan;nan,nan;nan,nan;nan,0.35;0.175,nan;nan,nan;nan,nan;nan,nan;nan,nan;nan,0.1;0.05,0.1;0.05,0.1;0.05,nan;nan,nan;nan,nan;nan,nan;nan,nan;nan,0.05;0.025,nan;nan,nan;nan,nan;nan,nan;nan
Extended SNA,Providing unpaid care giving services to household members,0.417,nan;nan,nan;nan,nan;nan,nan;nan,nan;nan,nan;nan,nan;nan,nan;nan,nan;nan,nan;nan,nan;nan,nan;nan,0.75;0.05,0.25;0.05,nan;nan,nan;nan,nan;nan,nan;nan,nan;nan,nan;nan,nan;nan,nan;nan,nan;nan,nan;nan,nan;nan,nan;nan,nan;nan
Extended SNA,Providing community services and help to other households,0.033,nan;nan,nan;nan,0.1;0.05,nan;nan,nan;nan,0.025;0.0125,0.05;0.025,nan;nan,0.05;0.025,0.05;0.025,nan;nan,0.025;0.0125,0.1;0.025,0.05;0.025,nan;nan,0.05;0.025,0.3;0.125,0.05;0.0125,nan;nan,0.05;0.025,0.05;0.025,nan;nan,0.05;0.025,nan;nan,nan;nan,nan;nan,nan;nan
Non-productive activities,Learning,1.3,nan;nan,nan;nan,nan;nan,nan;nan,nan;nan,nan;nan,nan;nan,nan;nan,nan;nan,nan;nan,nan;nan,nan;nan,nan;nan,nan;nan,nan;nan,nan;nan,nan;nan,1.0;0.0,nan;nan,nan;nan,nan;nan,nan;nan,nan;nan,nan;nan,nan;nan,nan;nan,nan;nan
Non-productive activities,Socializing and community participation,0.717,nan;nan,nan;nan,nan;nan,nan;nan,nan;nan,nan;nan,nan;nan,nan;nan,nan;nan,nan;nan,nan;nan,nan;nan,nan;nan,nan;nan,nan;nan,0.05;0.025,nan;nan,nan;nan,nan;nan,nan;nan,0.35;0.1,0.6;0.15,nan;nan,nan;nan,nan;nan,nan;nan,nan;nan
Non-productive activities,"Attending, visiting cultural, entertainment and sports event",0.033,nan;nan,nan;nan,nan;nan,nan;nan,nan;nan,nan;nan,nan;nan,nan;nan,nan;nan,nan;nan,nan;nan,nan;nan,nan;nan,nan;nan,nan;nan,0.1;0.05,nan;nan,nan;nan,nan;nan,nan;nan,nan;nan,nan;nan,0.9;0.05,nan;nan,nan;nan,nan;nan,nan;nan
Non-productive activities,"Hobbies, games and other pastime activities",0.567,nan;nan,nan;nan,nan;nan,nan;nan,nan;nan,nan;nan,nan;nan,nan;nan,nan;nan,nan;nan,nan;nan,nan;nan,nan;nan,nan;nan,nan;nan,nan;nan,nan;nan,nan;nan,nan;nan,nan;nan,nan;nan,nan;nan,0.8;0.1,0.2;0.1,nan;nan,nan;nan,nan;nan
Non-productive activities,Indoor and outdoor sports participation and related courses,0.033,nan;nan,nan;nan,nan;nan,nan;nan,nan;nan,nan;nan,nan;nan,nan;nan,nan;nan,nan;nan,nan;nan,nan;nan,nan;nan,nan;nan,nan;nan,nan;nan,nan;nan,nan;nan,nan;nan,1.0;0.0,nan;nan,nan;nan,nan;nan,nan;nan,nan;nan,nan;nan,nan;nan
Non-productive activities,Mass media,0.55,nan;nan,nan;nan,nan;nan,nan;nan,nan;nan,nan;nan,nan;nan,nan;nan,nan;nan,nan;nan,nan;nan,nan;nan,nan;nan,nan;nan,nan;nan,nan;nan,nan;nan,nan;nan,nan;nan,nan;nan,nan;nan,nan;nan,nan;nan,1.0;0.0,nan;nan,nan;nan,nan;nan
Non-productive activities,Personal care and maintenance,13.817,nan;nan,nan;nan,nan;nan,nan;nan,nan;nan,nan;nan,nan;nan,nan;nan,nan;nan,nan;nan,0.6;0.1,0.075;0.025,nan;nan,0.025;0.025,nan;nan,0.025;0.005,nan;nan,nan;nan,0.15;0.025,nan;nan,nan;nan,nan;nan,nan;nan,0.125;0.025,nan;nan,nan;nan,nan;nan